{
  "outer_cv": {
    "acc_mean": 0.971914299021891,
    "acc_std": 0.011404457280591212,
    "f1_mean": 0.9776117424649715,
    "f1_std": 0.009253213349130459,
    "auc_mean": 0.9960355587443697,
    "auc_std": 0.005771605067181765
  },
  "chosen_C_median": 0.01,
  "chosen_k_median": 21
}